DROP DATABASE If EXISTS MTN_records;
CREATE DATABASE MTN_records;
USE MTN_records;
CREATE TABLE `artists`(
    `id` INT NOT NULL AUTO_INCREMENT,
    `name` VARCHAR(255) NOT NULL,
    `cover_img` TEXT NULL,
    `upload_at` DATETIME NOT NULL,
    PRIMARY KEY (id)
);
ALTER TABLE
    `artists` ADD UNIQUE `artists_name_unique`(`name`);
CREATE TABLE `albums`(
    `id` INT NOT NULL AUTO_INCREMENT,
    `artist_id` INT NOT NULL,
    `name` VARCHAR(255) NOT NULL,
    `created_at` DATETIME NOT NULL,
    `upload_at` DATETIME NOT NULL,
    `cover_img` TEXT NOT NULL,
    PRIMARY KEY (id)
);

CREATE TABLE `songs`(
    `id` INT NOT NULL AUTO_INCREMENT,
    `artist_id` INT NOT NULL,
    `title` VARCHAR(255) NOT NULL,
    `album_id` INT NULL,
    `length` TIME NOT NULL,
    `created_at` DATETIME NOT NULL,
    `upload_at` DATETIME NOT NULL,
    `youtube_link` VARCHAR(255) NULL,
    `lyrics` TEXT NOT NULL,
    `track_number` INT NULL,
    PRIMARY KEY (id)
);

CREATE TABLE `users`(
    `id` INT NOT NULL AUTO_INCREMENT,
    `name` VARCHAR(255) NOT NULL,
    `email` VARCHAR(255) NOT NULL,
    `password` VARCHAR(255) NOT NULL,
    `is_admin` TINYINT(1) NOT NULL,
    `preferences` TEXT NULL,
    `created_at` DATETIME NOT NULL,
    `remember_token` TINYINT(1) NULL,
    `upload_at` DATETIME NOT NULL,
    PRIMARY KEY (id)
);

ALTER TABLE
    `users` ADD UNIQUE `users_email_unique`(`email`);
CREATE TABLE `playlists`(
    `id` INT NOT NULL AUTO_INCREMENT,
    `of_user` TINYINT(1) NOT NULL,
    `name` VARCHAR(255) NOT NULL,
    `created_at` DATETIME NOT NULL,
    `upload_at` DATETIME NOT NULL,
    `cover_img` LONGTEXT NOT NULL,
    PRIMARY KEY (id)
);

CREATE TABLE `playlist_songs`(
    `id` INT NOT NULL AUTO_INCREMENT,
    `playlist_id` INT NOT NULL,
    `song_id` INT NOT NULL,
    PRIMARY KEY (id)
);

CREATE TABLE `user_playlists`(
    `id` INT NOT NULL AUTO_INCREMENT,
    `user_id` INT NOT NULL,
    `playlist_id` INT NOT NULL,
    `public` TINYINT(1) NOT NULL,
    PRIMARY KEY (id)
);

CREATE TABLE `interactions`(
    `id` BIGINT NOT NULL AUTO_INCREMENT,
    `user_id` INT NOT NULL,
    `song_id` INT NOT NULL,
    `is_liked` TINYINT(1) NOT NULL,
    `play_count` INT NOT NULL,
    `created_at` DATETIME NOT NULL,
    PRIMARY KEY (id)
);


ALTER TABLE
    `interactions` ADD CONSTRAINT `interactions_song_id_foreign` FOREIGN KEY(`song_id`) REFERENCES `songs`(`id`);
ALTER TABLE
    `playlist_songs` ADD CONSTRAINT `playlist_songs_song_id_foreign` FOREIGN KEY(`song_id`) REFERENCES `songs`(`id`);
ALTER TABLE
    `songs` ADD CONSTRAINT `songs_artist_id_foreign` FOREIGN KEY(`artist_id`) REFERENCES `artists`(`id`);
ALTER TABLE
    `albums` ADD CONSTRAINT `albums_artist_id_foreign` FOREIGN KEY(`artist_id`) REFERENCES `artists`(`id`);
ALTER TABLE
    `songs` ADD CONSTRAINT `songs_album_id_foreign` FOREIGN KEY(`album_id`) REFERENCES `albums`(`id`);
ALTER TABLE
    `playlist_songs` ADD CONSTRAINT `playlist_songs_playlist_id_foreign` FOREIGN KEY(`playlist_id`) REFERENCES `playlists`(`id`);
ALTER TABLE
    `interactions` ADD CONSTRAINT `interactions_user_id_foreign` FOREIGN KEY(`user_id`) REFERENCES `users`(`id`);
ALTER TABLE
    `user_playlists` ADD CONSTRAINT `user_playlists_user_id_foreign` FOREIGN KEY(`user_id`) REFERENCES `users`(`id`);
ALTER TABLE
    `user_playlists` ADD CONSTRAINT `user_playlists_playlist_id_foreign` FOREIGN KEY(`playlist_id`) REFERENCES `playlists`(`id`);

INSERT INTO `artists` VALUES 
('1','Deron White II','/d13a31df3efe6bb25e039dfca36b645c.jpg','1992-09-16 21:38:55'),
('2','Shane Pfannerstill','/0b634db2f06f77b6315c4364815975c0.jpg','2004-04-25 08:22:27'),
('3','Terry Pfeffer','/f1ed45b9d5c69b3dbfe0644e00b521c0.jpg','2000-01-24 03:57:35'),
('4','Yoshiko Lang','/5acbf5fad6ab88d8d07f3ac72ca4294c.jpg','1970-11-15 17:41:45'),
('5','Lexie Tillman DDS','/f5f190ba97d02304495e9f72475ef8d7.jpg','1975-08-08 16:01:44'),
('6','Jerry Kunze','/1f2895cf6195d6893f061e5b022a133b.jpg','2011-09-08 17:20:38'),
('7','Shana Weissnat','/6f54afc5e290796831f664d939115024.jpg','1978-12-11 08:12:53'),
('8','Cassidy Gerhold DDS','/b6fcfd12d7876e1983dbd737f4674f76.jpg','2019-12-11 15:16:34'),
('9','Jaqueline Altenwerth','/f2a8f24ef9dfc6a39053cb9d2a557db6.jpg','2018-02-03 10:32:54'),
('10','Kenyatta Bradtke','/f18785913597e802db48424b4881442b.jpg','2004-12-25 23:05:56'),
('11','Henri Weber','/2ff68405d8c111a13cb783a5a5ca0068.jpg','1998-11-02 10:22:03'),
('12','Dr. Easton O\'Keefe Sr.','/b32f5ce92877d4f78768249d72046577.jpg','2014-08-13 12:08:44'),
('13','Dr. Amelia Fay','/e61a7114fb8c23e83796d40ddfa7ece8.jpg','1992-08-05 04:25:46'),
('14','Colt Schowalter','/3f4e7aaff785deef2bee987a73f6252e.jpg','2013-10-24 09:53:34'),
('15','Terrance Nikolaus','/da8b02d968a6ff602afae47c406c576d.jpg','2005-02-02 13:34:05'),
('16','Chandler Jerde III','/1319712d06d1c227bb1193746f8aa4f7.jpg','2009-08-06 18:43:18'),
('17','Miss Brooke Monahan DDS','/52c9d353767a139c8d09766afb40b0c8.jpg','2001-10-15 10:10:24'),
('18','Prof. Tristin King','/ae0b625b11a2755931acd50300fdab06.jpg','2001-10-30 09:11:45'),
('19','Prof. Michele Gleichner','/454aa123f2496b362fb64b9dd12a673a.jpg','1983-11-04 16:16:34'),
('20','Craig Cruickshank','/56fb8346ba2ceb8e40b430047358bb27.jpg','2017-04-21 16:24:52'),
('21','Dr. Dejuan Hermiston V','/762ee43034bdc5e5e90e937b65320dd5.jpg','2016-04-22 05:58:26'),
('22','Maximillia Stark','/67af0072b2c36caea3ba5879878e3f03.jpg','2002-05-01 15:33:21'),
('23','Prof. Libby Ryan','/da71bf6be3541b37a49a554a964f34d9.jpg','1991-08-09 15:39:45'),
('24','Violette Rolfson','/268814e4c72e351e2f1c671bd1b7e72a.jpg','1999-04-16 11:05:50'),
('25','Toy Gislason','/d6c6faff2a03c186a59dbae99a9200e8.jpg','2008-09-16 17:38:29');

INSERT INTO `albums` VALUES 
('1','1','ad','1997-05-24 16:36:22','2008-10-01 16:00:35','/5686a06cce0174988feae2fdf53f0899.jpg'),
('2','2','in','1990-07-28 05:26:56','1999-04-03 14:37:33','/bf940dddad5a6f0550c32b3c8f1a6500.jpg'),
('3','3','sunt','1984-12-09 13:48:11','2002-04-25 03:43:06','/5685aee8479a5a9c433a88f615415111.jpg'),
('4','4','hic','1991-08-19 12:22:32','1991-05-24 13:40:48','/38135a5a8ea3287c95c879b40b41cd25.jpg'),
('5','5','quidem','2017-07-03 22:47:36','2013-06-22 16:54:08','/a0cf21c442fdb66853b2107991d3e4f3.jpg'),
('6','6','voluptas','1973-10-29 17:46:27','2018-03-09 04:47:14','/a10b949a92a23527635fd2fae6ab0493.jpg'),
('7','7','repudiandae','1996-01-07 01:11:28','1978-10-03 09:10:57','/4f16ff6ac99c92d1e44680b95bafc324.jpg'),
('8','8','et','1985-05-30 11:40:36','2015-04-12 01:23:19','/83d0727e8445ebe1ca409389e555f9f7.jpg'),
('9','9','omnis','2007-07-09 02:49:36','1983-09-15 01:27:49','/cb75dfc1e0d0f46fc14bfebdbb40d18e.jpg'),
('10','10','et','2010-08-24 12:15:01','1999-09-13 16:25:12','/98a6974bdc0df60eb676f7f690d33551.jpg'),
('11','11','aut','2015-07-20 15:53:28','1977-09-05 06:39:02','/5cfc195cb7c0f9896e249c946fc475f8.jpg'),
('12','12','expedita','1981-04-23 16:07:47','1998-06-19 08:10:56','/2fac9ab7729201f428633f87532a2089.jpg'),
('13','13','ut','2008-11-21 15:18:12','1993-10-24 19:18:26','/b10941e9ffa58f0b57c64f3e3f194d0b.jpg'),
('14','14','qui','2012-11-25 19:40:21','1976-02-07 18:09:56','/5a5905c71235f74fd111ed8d047099cf.jpg'),
('15','15','ut','1980-09-09 00:04:14','2015-09-22 04:50:38','/ff0bebb7b0929d8d9e01ce5e31238224.jpg'),
('16','16','harum','2011-04-08 15:30:17','2017-10-13 23:35:45','/0dd3245ec939ee7ee73d4ab5a7aa6d08.jpg'),
('17','17','enim','2009-10-16 00:55:52','2012-11-06 15:19:25','/e0243df9acbc4a9d0375f6f65d0d13de.jpg'),
('18','18','fugiat','2020-07-14 01:41:06','2003-11-23 04:23:03','/b91c7263c11afda2e593d0fcaeefdd6a.jpg'),
('19','19','harum','2003-03-21 01:53:55','2007-07-04 19:22:04','/d908c37f1142e4a6e427dd6d10d7d342.jpg'),
('20','20','dolores','1994-02-25 05:43:06','2005-10-07 23:42:07','/6439238b81d8c9124954aeb579faded7.jpg'),
('21','21','quas','1999-07-21 10:00:56','1988-03-19 22:56:26','/13922fd8504a2281aa2ccb23d5641682.jpg'),
('22','22','ducimus','1978-03-02 07:35:37','1982-06-24 08:17:55','/325ea60b12f27ba994ee6379aec7b648.jpg'),
('23','23','consequatur','1975-07-09 20:46:28','1986-09-11 12:33:24','/ac84c42b0c1cda888061272c0ff74ed2.jpg'),
('24','24','perferendis','2009-09-07 16:03:09','2007-09-19 23:56:36','/1455a1e16900c9fc6c71d7c101de4665.jpg'),
('25','25','praesentium','2003-10-12 18:34:04','2001-10-11 07:07:06','/06c8a49cd5b2da8d5ccd237694b90a5f.jpg'),
('26','1','voluptatem','1971-07-01 22:02:23','2019-06-19 16:21:08','/3dcbdea2836b95db135bdfdecf8aaf93.jpg'),
('27','2','enim','1984-07-01 06:19:18','2000-01-08 02:54:50','/c3dfdd29b77386bcd2431d5005fe8365.jpg'),
('28','3','non','1973-09-13 02:43:50','1980-01-03 03:19:54','/f110e21c156f36ce7c758ca92f0cd118.jpg'),
('29','4','exercitationem','1992-11-02 02:07:04','1990-11-14 05:55:23','/08e0bb5d1f99a3956d7dd3f0b70bd253.jpg'),
('30','5','tenetur','1990-12-19 12:48:49','1992-05-11 12:26:07','/4376c58d6aad8e5029b03047fb2540e7.jpg'),
('31','6','dolor','1992-04-25 02:31:47','1980-10-11 14:29:17','/f6e820d385d7f88d9cb89922b4632134.jpg'),
('32','7','doloribus','2015-01-05 22:28:32','1991-12-04 13:58:04','/b847b18847ce596dc4d13a05a09d4cc6.jpg'),
('33','8','enim','1993-09-10 11:13:45','2018-05-07 09:29:48','/ef6dfe066f8da8282045f7f6c92d6399.jpg'),
('34','9','et','2003-07-02 13:08:18','1999-09-01 01:55:17','/4af1e96ee63c98589d8d37816f4fcd88.jpg'),
('35','10','nulla','2019-07-19 09:32:40','2002-02-12 13:59:34','/be8f3c872072ba4f59bf3723861cc3c3.jpg'),
('36','11','assumenda','1972-10-24 00:05:13','2001-06-23 18:42:07','/8766f7f25d5f9e9876ce48711e1c2df5.jpg'),
('37','12','voluptatem','1995-01-08 00:04:25','2002-05-17 05:37:00','/b179c1b79e0fea1da033275636b05437.jpg'),
('38','13','praesentium','2015-04-08 06:39:07','1972-04-20 17:12:00','/123ece082a30eb00a5cf7dbc5faf5e23.jpg'),
('39','14','ut','1998-07-06 15:02:54','1971-10-30 15:38:23','/653b5bbd9320507cbe2ac5129e295a83.jpg'),
('40','15','blanditiis','1989-09-02 14:03:49','1988-03-23 09:39:54','/af012f928eaf51c5160e2ade2a9191d8.jpg'); 

INSERT INTO `songs` VALUES 
('1','1','Dolorem saepe unde consequatur porro ut.','1','17:36:27','1998-12-27 12:40:27','1986-01-15 23:32:11','http://www.mosciski.info/','Aut ea ullam ipsam. Rerum occaecati ipsa ut natus omnis. Doloremque et eius porro quibusdam sit atque eum voluptatem. Ipsam hic et explicabo esse quia.','26333838'),
('2','2','Totam dolore fugit id.','2','01:42:33','1998-11-08 20:59:31','2008-11-04 02:41:38','http://smithamdare.com/','Eum et et vitae aut et dolorum. Blanditiis nam cumque nesciunt sequi. Voluptatum ipsam cumque fugit ut aut possimus voluptatem. Sapiente porro enim repellendus hic dolorem.','7533'),
('3','3','Perspiciatis dolor magni est error quis consequatur.','3','23:47:09','1993-02-18 22:47:13','2015-02-03 20:57:24','http://www.douglas.com/','Earum quos praesentium consequatur. Aspernatur libero aut quas reiciendis.','0'),
('4','4','Ut veniam qui sit doloribus aperiam et.','4','06:12:04','1996-08-29 06:35:20','2008-05-03 09:34:40','http://www.ritchie.biz/','Sed sed aliquid alias. Enim omnis itaque mollitia aut. Cupiditate ab aperiam vero unde ex voluptatem repellat.\nHarum quam repellat quisquam veniam facere. Nobis ut laboriosam in velit.','40535278'),
('5','5','Et nostrum sint dolores blanditiis ipsum rerum similique et.','5','01:40:11','1982-10-22 12:43:44','1995-09-06 23:18:15','http://www.hoegergulgowski.com/','Et itaque vitae porro ipsa quibusdam in dolores quasi. Numquam omnis aut maiores ratione. Dolores autem repudiandae vel eum odit ut qui. Libero aperiam et aut totam omnis velit.','0'),
('6','6','Suscipit saepe reprehenderit dolor et ipsam.','6','06:05:45','2005-11-30 21:10:47','2019-09-29 13:01:43','http://gerhold.net/','Sit neque est deleniti autem consequuntur sunt. Voluptatem ea aliquid beatae nemo cumque ut eaque. Rerum eum aliquid enim possimus laborum. Veniam nobis ut sapiente natus id praesentium quis.','0'),
('7','7','Sint qui non pariatur rerum.','7','17:59:51','1984-03-02 20:48:55','1973-12-14 07:04:50','http://www.kiehn.com/','Harum accusamus quidem quia nobis expedita omnis. Omnis unde ut est reprehenderit. Veritatis incidunt porro at odio. Cumque quo consequuntur officiis eius.','9'),
('8','8','Reprehenderit alias eaque natus ex et possimus sed.','8','17:38:45','1987-09-30 17:05:44','1973-02-14 19:12:39','http://www.heathcotemosciski.com/','Incidunt ratione dolorem inventore. Cupiditate commodi et nam debitis eaque. Sequi qui est corrupti numquam et odit qui. Cumque consectetur qui rerum sed.','404'),
('9','9','Quos distinctio recusandae voluptatum delectus facilis.','9','19:27:38','1992-06-20 19:57:06','1976-05-04 02:09:43','http://www.christiansenkub.com/','Non molestias recusandae ullam. Sint ipsa enim culpa animi non. Maiores nemo cum dolor rerum. Et porro qui et eos distinctio.','14269650'),
('10','10','Ad ut ullam ut voluptas totam ipsam quasi.','10','14:02:39','1975-02-02 12:04:04','1990-09-10 06:22:52','http://becker.org/','Qui et laudantium occaecati rem adipisci qui quia. Ea nemo expedita similique et iusto odit aut. Saepe ipsam praesentium sed eum. Harum explicabo est maxime magnam velit quia.','438750985'),
('11','11','Aut pariatur pariatur eligendi eos beatae consequuntur ducimus ut.','11','20:00:16','2011-06-12 12:19:20','2015-02-26 13:18:36','http://raynorrunolfsson.com/','Quae harum recusandae sint magnam. Quisquam delectus consequuntur non. Mollitia ab pariatur eum eum voluptas nisi. Vitae est laudantium sit. Sed est voluptatibus ea suscipit.','3'),
('12','12','Dolores nisi error eum magni voluptas quis.','12','14:54:27','2020-07-23 07:06:53','1995-02-10 11:05:50','http://kuvalis.com/','Sed nihil voluptate laborum sed veniam iste. Soluta error quasi dolorem vero qui dolor voluptatem. Sequi sed quod facilis nihil.','934615'),
('13','13','Repudiandae nobis et dolorum dolores aliquid quia et.','13','06:44:32','1982-07-22 15:47:58','2006-08-02 08:38:31','http://cormier.com/','Aspernatur praesentium vero quibusdam eum quo iste. Sint voluptate adipisci hic amet qui adipisci. Quis voluptatem tenetur maxime est.','57080242'),
('14','14','Unde tempora soluta distinctio ducimus nostrum aspernatur.','14','05:09:46','2018-08-18 21:55:45','1980-03-06 12:40:26','http://nolan.com/','Enim aut recusandae vel. Perferendis dolor dolorem et incidunt tenetur fugit ad. Libero tenetur ad sapiente sed.','152'),
('15','15','Omnis et dolorem ut animi impedit.','15','12:26:25','2016-08-20 22:06:08','1996-07-24 09:51:20','http://beer.com/','Voluptas non adipisci corrupti sed fuga cum. Mollitia esse quod omnis sit commodi eveniet veniam. Quibusdam velit deleniti quia autem eligendi voluptatem.','35208785'),
('16','16','Cum et modi porro culpa cupiditate distinctio enim consequatur.','16','01:07:16','1998-04-15 20:54:27','2007-06-13 07:30:15','http://huelsdibbert.net/','Similique sed quis doloribus suscipit. Nobis ipsam et dolore. Ut voluptatum culpa id. Est et dolore ut odit modi quidem maxime.','0'),
('17','17','Qui debitis omnis labore distinctio enim.','17','09:15:21','1978-04-08 01:20:57','1975-08-26 08:04:03','http://www.hodkiewicz.net/','Officia dolor minima facilis quo harum dolores aut. Quis nisi et fugit recusandae omnis ipsum. Est amet in id ut quia earum. Et iure fugiat et odio.','3'),
('18','18','Expedita et amet possimus qui atque ea veritatis pariatur.','18','15:12:06','1997-05-17 14:08:14','1971-01-25 07:55:22','http://mueller.com/','Modi eligendi quisquam blanditiis perferendis. Ex dolores ullam voluptas et quam. Autem impedit aliquid voluptates. Ex quis est et iste consequatur magnam sint.','41'),
('19','19','Excepturi velit cupiditate et autem unde.','19','15:44:40','1994-02-13 16:17:12','1970-08-12 07:11:40','http://www.gorczany.com/','Dolore aut quos magni aut praesentium. Neque pariatur asperiores tempora laudantium. Rerum aut et nam in eos quis.','94001'),
('20','20','Rem sit id soluta sed ipsa assumenda.','20','00:46:28','1999-06-22 05:36:41','2006-12-19 17:13:40','http://cartwright.org/','Nihil quia iusto inventore ut a quasi. Sapiente aut facere nulla repellendus ducimus exercitationem. Repellendus voluptas dolorum quia tempore et.','0'),
('21','21','Sint maiores et excepturi quam magnam sed.','21','06:58:30','2015-06-26 15:02:03','1984-09-09 06:35:29','http://wolffhirthe.com/','Velit hic sit in sequi. Autem a itaque dolor atque voluptatem. Enim ad tempora eum neque voluptas esse beatae.','7296656'),
('22','22','Architecto voluptatem nihil ut ex.','22','05:00:19','1990-02-15 12:14:58','2011-04-26 16:16:37','http://www.kunze.com/','Soluta architecto vel deserunt voluptate magni velit inventore. Rem doloremque libero eum et maxime. In occaecati et quia architecto animi.','7'),
('23','23','Sint quia aliquid eveniet odit suscipit consectetur.','23','10:16:35','1985-10-14 22:20:48','1989-12-24 09:24:14','http://www.hickleabshire.com/','Autem et facere explicabo nihil sed eius ad. Quas fugiat asperiores tempora doloribus. Possimus aperiam quisquam earum vitae autem nesciunt. Nulla possimus est amet molestias accusantium.','607'),
('24','24','Architecto maxime doloremque similique excepturi.','24','13:49:15','1988-10-09 22:17:17','1988-10-28 21:21:06','http://www.cremin.com/','Et eum occaecati similique cumque. Occaecati rem mollitia facilis nulla est. Doloribus esse consectetur enim quo cum. Architecto ut perferendis cumque dolor distinctio vitae mollitia.','193783'),
('25','25','Architecto ea voluptas provident sequi hic ducimus.','25','08:03:27','1976-12-11 17:53:46','2018-05-04 21:01:57','http://bode.com/','Ea perferendis dolores temporibus. Aut voluptatem eaque quia eligendi sit dolor. Et libero ea omnis repellendus consequuntur. Cumque aut ab velit voluptatibus totam consectetur.','5'),
('26','1','Et molestiae qui cupiditate est.','26','10:52:57','1990-08-20 09:03:50','1977-11-03 12:09:54','http://www.ebert.com/','Voluptatem rerum sit et illum. Dolorem sequi ad deserunt voluptatibus. Eum fugiat pariatur qui consectetur omnis. Totam eius est recusandae.','628461787'),
('27','2','Dolores aut officia quasi non totam quas nam.','27','08:56:04','1972-11-01 23:34:39','1988-12-14 13:15:31','http://schimmel.com/','Totam quisquam dolorem officiis et et sunt eveniet. Maiores laudantium ut praesentium voluptatem.','2637634'),
('28','3','Ut aut temporibus doloremque esse neque illum illo dolorem.','28','15:37:56','1988-06-02 16:14:46','1983-07-19 08:12:32','http://www.bartoletti.info/','Maiores unde placeat culpa hic quasi. Aut aliquid rerum animi sunt harum et labore. Et sunt sed illo earum.','8'),
('29','4','Dolorem sint quia maxime quos.','29','23:06:06','1970-09-05 16:37:12','2004-05-14 16:04:36','http://www.hamillratke.org/','Aut exercitationem autem et molestiae. Quas molestiae ullam rem eum libero dolores dicta perferendis.\nFugiat quasi velit odit assumenda qui voluptatem. Deleniti eum dolor debitis quae.','269440'),
('30','5','Similique quas et natus adipisci numquam tenetur sed.','30','09:05:02','2009-10-30 20:58:59','2000-12-29 11:20:43','http://www.harveyfahey.org/','Commodi ullam numquam ad deleniti. Autem optio corrupti labore dolor aperiam occaecati eos. Labore qui voluptatem autem deserunt ex. Voluptate dolore omnis sequi nemo.','80484'),
('31','6','Quo aut qui occaecati facilis enim et omnis quas.','31','17:24:46','1972-12-25 12:38:39','2006-08-19 02:07:27','http://weissnattremblay.com/','Eum enim natus totam autem qui ut. Aliquam consequatur quibusdam tempora quod ea.','95655'),
('32','7','Reiciendis nobis velit consequuntur sit reiciendis illum harum.','32','14:23:06','1996-06-12 16:22:21','1999-06-28 13:59:16','http://boyer.biz/','Aut molestias saepe dolores odit iure delectus. Excepturi tempora labore illum possimus autem ipsum assumenda.','8'),
('33','8','Aut adipisci voluptates illum perspiciatis.','33','07:24:08','1993-11-08 05:38:06','2018-12-28 07:30:34','http://schillercorkery.com/','Minima aut deleniti exercitationem praesentium quae. Porro ipsa voluptate debitis amet ex itaque. Dolorem architecto doloremque nesciunt voluptates voluptatem deleniti aut.','811785'),
('34','9','Optio eligendi quidem commodi.','34','21:59:21','1983-01-13 16:33:32','1981-06-18 10:34:58','http://kirlin.biz/','Ducimus quo voluptatum rerum magnam ut fuga. Cumque quia id libero.','35044578'),
('35','10','Sed consequatur cumque quis quo voluptas sed.','35','16:25:18','2002-02-11 03:51:20','1986-09-08 23:23:57','http://orn.com/','Ut a doloremque officiis rerum dolorem. Eius maiores explicabo optio tempore est eos. Earum eum eum amet ullam nostrum saepe. Ut dolorem et accusamus provident.','8'),
('36','11','Est voluptatibus modi occaecati provident aspernatur molestiae doloribus.','36','19:00:53','1970-11-18 21:30:11','1976-02-28 15:20:47','http://www.beahan.com/','Et unde ipsam ut fugit qui error distinctio. Est voluptatem tenetur ipsam dolores sed nesciunt dolore. Illum commodi eos possimus eveniet enim.','3'),
('37','12','Iure asperiores harum sit itaque sapiente sint iusto.','37','19:31:40','1993-11-02 03:51:06','2015-11-29 16:06:19','http://www.reingerkautzer.com/','Ut cupiditate et iste dolores voluptate officia. Reprehenderit blanditiis aut enim qui sit. Modi placeat omnis voluptate aut.','47'),
('38','13','Laboriosam molestiae corporis quasi beatae laboriosam quia.','38','06:28:53','2002-02-16 23:27:07','1998-05-18 07:23:19','http://greenklocko.com/','Id voluptatem et consequatur magni inventore voluptatem eum. Expedita illum aut quia dolores et sed qui. Voluptatem aperiam dolor et dolor eveniet.','3264'),
('39','14','Ut et amet sed exercitationem error eum.','39','22:05:29','1975-08-01 06:43:26','1984-02-01 16:15:11','http://www.lakin.com/','Illum voluptate est explicabo excepturi. Est consequuntur voluptatibus exercitationem est quasi error nisi. Est nihil sed explicabo nisi ullam ut impedit. Et consectetur cumque iste dolores aut.','94370098'),
('40','15','Rerum cumque veritatis at veniam.','40','12:16:04','2014-08-25 21:05:50','1983-02-08 09:32:08','http://www.thiel.com/','Ipsam ea nesciunt nobis dolor quibusdam architecto. Amet repellendus voluptatem accusantium voluptas cupiditate. Voluptatem similique perferendis aliquid voluptas minus.','4779'),
('41','16','Aut iure ut qui perspiciatis adipisci dolor labore.','1','17:52:16','2008-12-18 18:43:29','1977-11-20 10:22:20','http://kuhn.com/','Totam aliquid cum inventore libero dolorem veritatis. Eum porro totam rerum quia quos ea. Commodi quisquam ea pariatur quis distinctio aut ratione. Incidunt omnis distinctio tenetur qui.','35496'),
('42','17','Rem tempora voluptatem commodi quae.','2','16:03:50','1987-11-04 11:29:35','1970-09-06 08:59:19','http://www.boyerkoepp.info/','Blanditiis mollitia qui magnam suscipit atque ipsa voluptate sunt. Accusantium ea aut architecto. Et est voluptatem id nihil aperiam qui architecto. Rerum ducimus asperiores sed quia.','92259'),
('43','18','Neque quam error consequuntur expedita non voluptas ea iusto.','3','02:27:58','1990-02-22 18:56:07','1978-07-11 09:35:06','http://herzog.com/','Qui debitis voluptas magni excepturi perferendis. Qui quos officiis aspernatur maxime. Eos excepturi est natus voluptate voluptas laborum voluptas. Voluptatem temporibus repellat voluptas fuga eos.','860'),
('44','19','Et porro assumenda totam.','4','12:47:43','2008-09-20 12:14:15','1974-09-23 15:37:31','http://rath.com/','Veritatis nostrum reiciendis in eos dignissimos. Ut quia rerum et ut. Hic voluptas nulla sint vero.\nPossimus nobis aut neque architecto quo. Soluta eum numquam ut qui. Aut dolores ut hic.','32'),
('45','20','Debitis itaque et et consequuntur numquam ipsum tenetur.','5','04:43:05','2020-03-09 08:27:45','1997-12-01 18:03:57','http://schulist.info/','Consequatur consequatur et et facilis iure dolor qui. Veritatis dolores tempore dolor iste. Repellat voluptates blanditiis aut temporibus dolorem. Et quis voluptatum quasi occaecati et.','303'),
('46','21','Delectus ab nisi quae a iusto.','6','06:10:44','2004-06-28 23:34:55','2000-03-27 19:25:10','http://www.botsfordtrantow.net/','Natus expedita et repellat ab impedit quam consequatur. Dolorem consequatur commodi sint porro fuga.','482'),
('47','22','Voluptates sint delectus eius dolores sed nihil omnis.','7','08:23:59','1993-05-10 15:47:41','1977-07-24 09:59:34','http://dubuque.com/','Possimus doloremque sed atque minima aut. Consequatur est qui maxime debitis. Iure omnis dolores amet vitae natus vel a.','0'),
('48','23','Necessitatibus minus iure a quia.','8','13:26:41','2003-05-27 05:57:00','2018-02-03 06:41:45','http://www.mitchellskiles.com/','Ut atque vel numquam. Possimus eveniet aut beatae voluptas qui velit.','5965875'),
('49','24','Animi voluptatem accusamus ipsam facere sit non blanditiis.','9','20:04:40','2004-11-22 08:02:58','1976-01-27 05:45:43','http://www.boyer.biz/','Et sit recusandae temporibus odio excepturi corporis atque. Distinctio numquam aut reiciendis id. Veritatis nam dolor alias qui illum id omnis. Qui impedit voluptas illum.','44'),
('50','25','Sed dignissimos repellat aliquam quasi dicta reiciendis qui.','10','07:10:01','1990-01-30 18:33:12','1981-08-12 21:17:01','http://satterfield.net/','Dicta laborum minus eius asperiores. Doloribus eveniet sit ipsam laudantium deleniti impedit quae quas.','197008'),
('51','1','Neque sed voluptas delectus sunt vero vel.','11','11:50:51','1970-10-18 20:39:39','2002-02-16 02:42:45','http://www.schuster.com/','Omnis velit nihil distinctio. Voluptate impedit nesciunt repudiandae enim inventore tempora. Ea magnam modi ea non saepe non. Non nesciunt iure voluptatem.','59'),
('52','2','Autem ut reprehenderit dolorem voluptas.','12','07:43:10','2017-08-07 11:34:36','1975-05-02 03:30:10','http://www.daniel.biz/','Alias quos qui et. Vitae et voluptatem beatae. Doloremque omnis quo aut nemo laborum quam eum.','76564'),
('53','3','Placeat voluptatum consectetur magnam aut quaerat repellendus dicta.','13','16:07:41','1996-12-13 16:11:38','1972-01-16 16:37:33','http://donnelly.com/','Vero id praesentium dolor. Neque ea earum non quam iste aut quam. Ullam vel ratione cumque quia quos ipsum aut.','161383'),
('54','4','Corrupti ratione debitis tenetur sapiente fuga consequatur necessitatibus.','14','19:29:21','1991-04-28 17:10:20','1982-03-14 21:46:06','http://www.hilll.com/','Praesentium dicta aliquam non illum inventore. Voluptatum ullam et nesciunt ipsa doloribus. Nihil fugit in ratione possimus debitis qui.','831157'),
('55','5','Voluptas nulla eligendi cupiditate facilis in.','15','02:41:05','1978-09-04 18:55:38','2000-02-16 08:32:07','http://www.ullrich.com/','Quis omnis sed quas quibusdam suscipit. In quaerat cumque reiciendis quasi cupiditate possimus sint aliquam. Autem blanditiis est rerum. Qui nam quis cupiditate autem tempora quam alias.','997'),
('56','6','Rerum praesentium odit nihil sunt reiciendis unde fugit.','16','02:28:53','1975-11-07 15:02:46','2000-10-01 16:17:23','http://www.johnson.com/','Eaque voluptate officiis non id. Ad rerum impedit pariatur sunt ratione. Quia error ipsa et vel ipsam sapiente.','658987'),
('57','7','Vel quo fugiat esse amet.','17','22:24:14','1985-08-09 22:19:36','1994-06-17 09:40:50','http://hartmannschinner.com/','Officia veniam rerum eius tempora itaque repellat voluptate. Ut quaerat quis quos. Rerum occaecati voluptatem rem natus voluptatem deleniti. In aliquam sint error sequi.','84371316'),
('58','8','Iusto dolorem ullam itaque atque voluptatem fugiat.','18','00:18:52','2016-10-15 03:55:37','2001-06-17 05:02:03','http://wisoky.com/','Sed dignissimos id non molestiae. Harum deserunt fugiat architecto nobis. Cum voluptas qui iste amet commodi. Non sed ratione eum praesentium perferendis distinctio exercitationem.','612'),
('59','9','Dolores qui numquam optio fugit sed quod.','19','02:19:17','1979-09-07 07:47:43','1970-01-16 04:05:22','http://www.heaneyrath.com/','Corrupti doloribus voluptatem omnis blanditiis numquam. Perferendis debitis ut perspiciatis et eveniet. In enim consectetur nostrum ut quaerat. Perferendis suscipit commodi quia ullam at.','0'),
('60','10','Nam velit hic sint assumenda qui.','20','14:33:28','1972-05-02 22:02:50','1987-06-14 20:30:23','http://schaden.info/','Autem laborum debitis sunt hic laborum architecto doloremque impedit. Sed perspiciatis tempora molestiae eum itaque. Tempora ut itaque qui iure fugit deleniti error est.','560523'),
('61','11','Qui quia quisquam repellendus nesciunt aspernatur molestiae.','21','16:19:26','1997-04-12 08:20:01','1976-09-14 02:16:41','http://www.hagenes.com/','Nihil eligendi aut voluptatem voluptas cupiditate. Fuga vel perspiciatis occaecati iure. Vitae excepturi ea iure atque sint adipisci architecto. Rerum sapiente error placeat.','26043'),
('62','12','Fugit omnis voluptas et ducimus at molestiae quasi.','22','12:09:29','2015-09-26 10:59:27','2017-07-31 18:58:37','http://www.kesslerglover.org/','Est qui distinctio fuga. Omnis et provident porro sint nam nobis. Perspiciatis dolor itaque nisi ea laboriosam.','5178'),
('63','13','Vitae minus ut eum.','23','08:31:39','1980-02-24 04:39:11','2007-02-18 13:16:51','http://bernier.net/','Voluptatem asperiores dolor porro eveniet quas quis. Perferendis est eaque sed quidem est qui. At ipsam eos tempora reiciendis. Ex omnis voluptas numquam accusamus et excepturi.','9'),
('64','14','Et qui nemo quis quos.','24','18:57:04','2005-04-15 13:57:33','1974-09-12 13:06:59','http://www.schimmel.com/','Placeat rem sit dolor. Assumenda quo animi nisi aperiam sit. Labore aperiam omnis soluta iste.','52578'),
('65','15','Illum sunt molestias tenetur soluta dicta.','25','23:44:20','1986-03-23 09:27:33','2014-02-22 07:01:54','http://schultzheller.com/','Quaerat placeat nisi cupiditate sequi ab vel. Asperiores ut voluptate voluptatem vero velit. Non delectus fuga voluptatem perspiciatis. Nihil nesciunt alias et perferendis rem ipsa temporibus.','7'),
('66','16','Rerum tempora alias nam labore inventore et occaecati.','26','21:02:36','1984-04-29 17:31:47','1994-08-20 20:06:02','http://wintheiser.info/','Aut cupiditate explicabo in molestias qui aut est. Architecto aut laborum fuga sunt et. Et sit ad fuga eaque consectetur dolore. Nisi iusto soluta recusandae eos.','48733557'),
('67','17','Nulla sed dignissimos minima tenetur debitis vitae.','27','06:24:50','1975-05-12 22:06:41','1990-06-08 07:09:16','http://www.wintheiser.info/','Consequuntur recusandae veritatis a earum. Ut adipisci repellendus non eos quo. Modi a ex est. Ab ut est quidem dolor nam reiciendis velit.','0'),
('68','18','Quasi aut dicta recusandae maxime eius quo recusandae.','28','09:16:07','2004-08-19 20:41:19','1980-06-11 20:02:27','http://www.monahananderson.com/','Dolorem qui aspernatur et commodi perferendis illo. Magni a ea maxime illum aut. Exercitationem quidem molestias harum. Ea dolore praesentium fugit labore. Libero officiis a voluptas nemo.','776096'),
('69','19','Consequatur optio quis et.','29','10:06:38','1994-01-16 07:35:33','2015-03-29 02:26:24','http://pricepfannerstill.org/','Placeat totam perspiciatis magni aut. Possimus amet adipisci ut aut eius in accusamus. Vitae ut voluptatibus sapiente pariatur omnis omnis porro tempore.','390381980'),
('70','20','Quia atque numquam voluptatibus consequatur sit labore nisi.','30','14:05:58','1991-01-11 14:04:18','1983-12-14 14:18:26','http://www.hammes.info/','Aut aperiam quos consequatur et eos. Asperiores ut aut quo natus. Reprehenderit incidunt laborum quam veritatis sint et. Quidem atque laborum temporibus occaecati qui.','6910078'),
('71','21','Laudantium repudiandae non dolorem natus porro suscipit.','31','17:12:26','1989-03-26 23:00:01','2016-03-10 16:50:33','http://goodwin.org/','Iste odit dolores qui expedita. Sapiente aliquam recusandae quia doloribus sed eos. Numquam dolores occaecati ut qui cumque quo. Enim rem deserunt dolores fugit et.','978330063'),
('72','22','Error asperiores eius non.','32','01:24:42','2005-05-22 19:27:21','2000-02-07 15:54:02','http://schowalter.com/','Veritatis autem quaerat ipsam nihil iste nihil et. Dolor et rem sed dignissimos. Et porro enim distinctio distinctio voluptates sequi. Aspernatur itaque accusamus velit enim.','1731821'),
('73','23','Id quidem suscipit inventore dolorem dolorem illo deleniti.','33','08:32:50','2013-05-14 05:33:21','1994-11-03 05:19:46','http://www.gibsongorczany.net/','Ducimus enim pariatur architecto velit omnis voluptate. Dolor velit eveniet neque est enim. Necessitatibus doloremque iusto illo quo et.','305957512'),
('74','24','Atque accusamus ipsam et qui veniam.','34','08:13:20','2011-08-21 07:45:18','1976-08-11 11:40:49','http://www.binsgaylord.com/','Corrupti debitis repellendus fugiat sint eveniet. Officia laudantium quia sunt sequi praesentium quo rem. Asperiores dolores pariatur perferendis quia. Culpa placeat exercitationem minima rerum.','7963'),
('75','25','Nemo nam dolor nihil dolores non vel.','35','01:41:28','2008-09-04 17:25:29','2003-11-20 01:00:42','http://kulas.org/','Minus ut molestiae excepturi autem sunt nihil sed. Omnis quo minima iste illum quisquam repudiandae provident a. Dignissimos assumenda qui exercitationem mollitia est mollitia.','6696275'),
('76','1','Repudiandae repellendus atque temporibus.','36','01:32:14','1991-03-01 05:36:56','1974-05-26 01:48:57','http://quigley.com/','Sunt nostrum dolor optio omnis excepturi. Hic ea cum illo nulla enim minus. Omnis natus porro dolor omnis sed.','2'),
('77','2','Eveniet aut harum eligendi magnam.','37','16:47:53','1982-04-17 09:39:31','2004-08-04 11:02:32','http://www.roberts.com/','Aut inventore non voluptatem veniam id eligendi ipsam. Optio aut et dolor fugiat asperiores sed mollitia. Rerum tempora ipsa numquam et nam ea. Reiciendis laborum omnis harum aut.','427028'),
('78','3','Consequuntur consequatur fuga deserunt officiis.','38','20:23:26','2020-03-11 16:42:08','1970-09-17 16:41:03','http://rathhermann.org/','Doloremque aut sit libero aut quod et. Dolores et rerum corporis architecto corporis sed. Officiis sit et commodi qui assumenda cupiditate in.','24'),
('79','4','Quam perspiciatis est facere ex quaerat et.','39','14:03:22','2016-10-10 22:19:44','2006-10-25 14:22:13','http://pfefferpfannerstill.com/','Eligendi aliquam adipisci consequatur sit doloribus aut iusto. Recusandae recusandae itaque et ut tempore necessitatibus. Consequatur libero suscipit voluptas praesentium quis reprehenderit.','3'),
('80','5','Tempora pariatur rem consectetur suscipit sapiente molestiae.','40','09:30:03','2016-07-19 08:11:04','1982-07-09 17:42:13','http://www.wisoky.info/','Magnam voluptates dolor est molestiae dolorem. Sint ut sunt aliquid. Sit modi vero repellendus rerum voluptatem in sequi quis.','7906'); 

INSERT INTO `users` VALUES 
('1','adipisci','bartholome80@example.com','37b3df9c5dfa7b77d3cc398f38e55340f835f63a','0',NULL,'2013-10-14 14:48:07','0','1990-04-28 21:39:48'),
('2','eveniet','madaline.kuphal@example.net','44eb1bef4726023a8219e5151d8f7d98ee0deb9f','0',NULL,'2014-06-19 06:01:25','0','1992-12-27 11:26:42'),
('3','dolorem','zspencer@example.net','88e6c2d36a649099ccd67b8773b8b45c1f0ecf1f','0',NULL,'1981-06-11 14:24:00','0','1989-10-05 07:21:46'),
('4','quod','denis.rowe@example.net','e0014a1c5c7d24b4d895095443dc0fd228592f43','0',NULL,'2010-06-12 20:31:14','0','2008-03-23 16:48:16'),
('5','est','tevin.kiehn@example.org','df7d941c02f031fc35999d41a050328b15243493','0',NULL,'2001-06-22 23:27:36','0','2010-04-09 03:02:10'),
('6','consequatur','kemmer.sharon@example.org','244250a1d1e4de4d96662fb461a67e9f8132b1ab','0',NULL,'1999-11-13 21:07:28','0','1988-11-20 15:05:12'),
('7','vel','jayda.wiegand@example.com','f1d43ec37c7e8d0d482d911b18d973d9a88d2ce9','0',NULL,'1974-02-09 12:15:54','0','1994-03-18 08:58:37'),
('8','commodi','gilberto19@example.org','f03fb9b85bfa6034d1d61ee542e4fb542f8b757c','0',NULL,'1986-07-20 03:25:35','0','1972-01-17 19:58:07'),
('9','et','kturcotte@example.org','044725e0d304303bdab1dad5a396256038cac548','0',NULL,'1999-08-22 07:29:10','0','2017-11-27 11:07:34'),
('10','a','kenneth01@example.org','033ff48bddb5ec9116604c66be6854af62e0c984','0',NULL,'1971-05-01 20:28:09','0','1974-11-25 15:33:59'),
('11','consequuntur','vdurgan@example.net','b3185a6cf9d260711acab0ed7d45a2f7c3bad108','0',NULL,'1976-12-28 02:39:49','0','1989-01-09 07:37:33'),
('12','ex','mcdermott.kira@example.net','412a0d42318372cd04c42d6b28b6f44e99b805b4','0',NULL,'2003-07-28 10:28:15','0','2002-01-28 20:53:41'),
('13','voluptatem','jettie77@example.org','3c97d42d97cb8cd44e27f03a706577ceab092e6c','0',NULL,'1982-04-03 01:22:48','0','1984-07-15 00:30:25'),
('14','ea','donny64@example.org','c336d9f731e6366df39d3b9462d9caa92a9b1ca2','0',NULL,'2013-08-25 18:04:28','0','2010-03-09 16:35:24'),
('15','voluptas','runte.precious@example.net','a646d7f9f4f9446eccf7c4792df9a6c01f8b9ec1','0',NULL,'2002-02-01 23:24:18','0','1995-01-02 00:56:24'),
('16','dolore','ernestine28@example.org','2407b1336b17e89de15643616617d8916a6935cd','0',NULL,'1972-09-02 23:55:59','0','1974-09-26 19:14:22'),
('17','ut','balistreri.eliza@example.org','4d63990c1f99f9fc20d1925d89eeca0565889c4e','0',NULL,'2020-05-11 08:57:19','0','1978-06-23 23:50:41'),
('18','vitae','schaefer.glennie@example.net','e7b72be28f1f0506880d89b85d6a6966ab94d441','0',NULL,'2002-02-11 09:05:26','0','2020-07-15 15:49:01'),
('19','voluptatem','streich.viva@example.net','5057ba6d471c3af2910865fa5fe15c2a6f9d12b9','0',NULL,'1972-09-26 10:27:53','0','2015-02-08 07:17:44'),
('20','quod','psawayn@example.com','f0995601a78988f0d23c872cec21ae10fd53dcbb','0',NULL,'1987-01-28 16:29:00','0','2020-01-01 06:36:03'),
('21','sunt','jmurphy@example.org','baae9d39b6ce03dd518d29330d916e5d6fabbc8e','0',NULL,'1970-08-03 02:51:43','0','1999-07-08 11:31:07'),
('22','velit','kmante@example.org','765eb0e4ec3723ddbf4ce68d654b0766bf0174f9','0',NULL,'2003-10-18 07:24:03','0','1973-05-13 11:46:16'),
('23','quo','alanna.reilly@example.net','91cb09e31ebbf33e920c9d8966d7bec96538a9b1','0',NULL,'2011-07-30 17:41:17','0','2018-03-09 05:04:42'),
('24','dolorum','rollin29@example.org','24daa11369d3452c88ee60c49fe592d530b1f45c','0',NULL,'2009-07-21 19:27:33','0','1972-05-17 06:26:43'),
('25','illum','micaela.murray@example.net','304e5d5ba2f691b0164cf9b82b3f53295649644d','0',NULL,'1980-05-12 20:13:20','0','1977-05-18 15:11:36'); 

INSERT INTO `playlists` VALUES 
('1','1','et','2020-03-26 03:37:59','1999-09-03 06:50:22','/df95ca0e6398fc60240076ab350b4baa.jpg'),
('2','1','adipisci','2003-03-23 19:56:26','2008-01-24 10:22:42','/d8d0318e38a023043978dbb68aef2342.jpg'),
('3','1','maiores','2005-08-25 03:39:00','1996-11-03 18:52:42','/3b2eb5e227f1251d07f139790388f004.jpg'),
('4','1','nobis','1978-03-02 16:44:56','1995-09-22 03:29:25','/3b66458bae20b91127484e4c810a734a.jpg'),
('5','0','quia','2017-12-22 00:11:32','1996-10-07 19:46:20','/1baf3111e681515016f3347cf565e1a2.jpg'),
('6','1','eos','2002-09-12 00:38:01','2014-09-24 12:52:50','/dcaff98c6dcf97427284e205fdb58d63.jpg'),
('7','1','et','1995-05-31 23:21:51','2001-07-04 14:40:16','/744e3b2f686624501dcd795e8abd77df.jpg'),
('8','1','quod','2007-11-02 00:56:31','1972-02-28 09:48:59','/bedcbd1b2635db50f3acb9d8da99429f.jpg'),
('9','0','tempora','1992-09-09 11:36:43','2001-05-31 16:47:23','/5c4af2ca7e3f760d41e853f9f77f30c7.jpg'),
('10','0','voluptatibus','2018-10-25 16:10:36','2003-10-09 20:46:38','/097afb897f3f32c845e9228db8028a46.jpg'),
('11','0','explicabo','2012-03-09 00:08:29','1984-09-15 15:52:04','/05a3af1aac598caad6b55e6ae4b840cf.jpg'),
('12','0','sunt','2005-03-06 19:44:11','2008-01-23 06:16:58','/664a07fd21faaa0430b599d5aa087362.jpg'),
('13','1','minima','1974-10-21 09:39:28','2018-07-26 12:51:05','/e72d7d1ba8d626c9e9678d77d24b7ca5.jpg'),
('14','0','consequatur','1996-07-22 02:59:24','2003-12-18 04:22:39','/fef06826cc9c9d134802628066a5f09e.jpg'),
('15','0','et','1982-07-31 11:23:41','1976-06-18 08:08:20','/2007d58e1ae9ddf301625c6e4fd02ac2.jpg'),
('16','0','asperiores','1985-01-11 07:38:53','2010-03-24 00:38:34','/32460d2e2137e8a206d9d4fb7997e0ec.jpg'),
('17','1','adipisci','2013-09-06 14:32:34','2011-05-26 14:08:04','/967e24362e9b1a71f2275f18b14ce62a.jpg'),
('18','1','vero','1995-02-19 02:36:24','1971-12-16 04:23:16','/71f44bb6b9d64622c2e0907ecf4ca404.jpg'),
('19','0','perferendis','2011-12-19 23:51:53','1970-06-23 12:50:22','/84db7a0ae66e7a9c084707b6ab1c7f4d.jpg'),
('20','0','consequatur','2014-02-04 23:13:59','1987-09-02 06:58:46','/502184348e03236d9fe3c8c9f492bd1c.jpg'),
('21','1','repellendus','1991-08-26 05:37:07','2019-04-20 04:38:24','/11fa7805ce5668b834509ca3bdce0fd6.jpg'),
('22','1','eum','2012-02-18 05:23:34','1973-07-20 18:10:18','/0bbcb8fa91ebe2a36ad2152b6ddd3014.jpg'),
('23','0','deleniti','2018-02-06 07:12:39','1971-11-27 05:03:40','/027c3e56c6d70b067ab9b8f9466128ae.jpg'),
('24','1','unde','1985-04-07 21:33:06','1985-07-05 13:49:49','/7b20ae6f557e0cc873bfe1271f4d4463.jpg'),
('25','1','sunt','1981-08-20 01:17:13','1988-03-15 15:44:25','/9abb741d5cd8a8d949adc6f7b911a184.jpg'),
('26','0','voluptatibus','2011-04-27 01:48:35','2004-07-07 05:50:29','/bafe09007f6f544211c620a51d6037b7.jpg'),
('27','0','quidem','1982-08-17 15:03:12','1980-04-16 22:37:57','/ffe51b3af033c3ca3243382c13052b5f.jpg'),
('28','0','autem','1974-10-22 07:50:36','2008-02-25 15:53:28','/2ba92f08986c2eadc93c6d5983bc2e67.jpg'),
('29','0','praesentium','2018-06-12 05:14:52','1986-04-24 17:05:18','/c17dc93f23e58e00e1f55de766c61686.jpg'),
('30','0','nulla','2014-07-14 04:37:34','2004-09-10 03:57:49','/b0003d2e9e59af87980c177699cc52b3.jpg'),
('31','1','unde','2009-04-18 05:35:38','1994-09-01 21:23:08','/a76471e3f77938bab82155af3f4eabb0.jpg'),
('32','1','enim','1976-11-14 06:10:54','2019-10-19 11:27:24','/b32f947a7936f13c4d0f2b4616b12523.jpg'),
('33','0','inventore','1976-05-07 05:26:27','1972-04-30 22:52:04','/34004c2f71bca06d476aba26a554c09b.jpg'),
('34','0','quis','1984-05-19 00:04:03','1979-10-06 05:15:39','/4e32f4c6bd116d0e7e327f70140058fe.jpg'),
('35','1','architecto','2016-02-05 05:03:40','1976-04-30 07:18:54','/2e8d499a7dbed172f071ba524c861c5f.jpg'),
('36','0','est','2014-02-25 02:24:18','1999-02-22 12:41:09','/17e14834f9d0907c296febb177050092.jpg'),
('37','1','praesentium','1977-09-25 20:16:18','2009-05-21 18:30:44','/c37149e439bc2175bb28eb23a83b48b5.jpg'),
('38','1','laudantium','1982-03-26 08:53:46','2011-03-08 21:37:06','/e07e89ae1c8a97006b6aaa9f04875334.jpg'),
('39','0','non','1982-07-25 06:47:46','2005-07-12 11:17:44','/6c44755b88a5e3650146e03b1bfafde9.jpg'),
('40','1','accusamus','1970-08-28 08:48:32','1982-07-25 02:17:31','/c5470d45b3862d998c7dbd4fb0054b36.jpg'),
('41','1','nisi','2001-02-16 15:44:57','1970-03-11 05:18:02','/8c3daea5f74b1eeee4e516fefd1a1031.jpg'),
('42','1','autem','2002-06-27 18:17:27','1972-07-14 04:59:00','/9495cd6c613b7dea80ddce9395de9185.jpg'),
('43','1','saepe','1970-08-09 01:24:08','1976-09-22 22:48:11','/89f8d9eaad51521bb4ab1ad3781fcee7.jpg'),
('44','1','iste','1979-11-03 14:04:14','2007-01-13 23:34:38','/81d9b7e94f91b4ea2b7c480d88197c11.jpg'),
('45','1','eum','2004-05-01 07:59:41','1991-07-16 07:34:29','/08e058de89f79ee4275067db35b7e873.jpg'),
('46','1','repellat','2006-04-08 03:57:00','1995-11-28 16:14:25','/e6fa4317fa58b54021b9744207448964.jpg'),
('47','0','reiciendis','1973-11-30 10:52:24','1985-08-23 02:50:35','/ad0b6c40bdf1682ce0be3c23365da88c.jpg'),
('48','1','non','2011-07-30 14:39:28','1977-02-04 16:07:27','/cbb8da9947d904cb62033d62da41f747.jpg'),
('49','0','magni','1977-10-12 18:53:08','1997-10-24 21:15:47','/169c8621b0ba2570d82439960d4953fd.jpg'),
('50','0','perferendis','2019-05-26 06:28:14','1998-05-14 13:10:54','/02845e0847a1fed340145fdbb098dc48.jpg'),
('51','1','minus','1983-08-14 01:28:49','1972-08-04 16:28:34','/3ba19d13dce0cd588708ae1aeee84185.jpg'),
('52','1','nesciunt','1999-04-24 09:40:29','1999-09-21 18:45:56','/2388975035f10ba4aeb2e59d4069bfdb.jpg'),
('53','0','aspernatur','2001-09-30 11:34:55','2011-04-03 01:13:35','/93fccb4f536c12f7b180cbe93cb71054.jpg'),
('54','0','debitis','2009-03-31 01:03:33','2020-04-05 22:21:45','/a69a799925577e8846111802c5770276.jpg'),
('55','1','nihil','2013-05-25 16:24:07','2019-09-26 20:40:43','/02a40d99f4a846a7407550734580f413.jpg'),
('56','1','ut','1980-12-31 02:19:18','1976-07-07 07:03:52','/c80bfe780497e50a1a1d3964c324a2ad.jpg'),
('57','0','ratione','2004-12-19 02:44:55','2011-05-07 15:16:58','/b9a4c088d0310846767305d93f85c63d.jpg'),
('58','1','ratione','1981-11-09 14:36:46','1977-12-16 21:57:32','/0f6d7cad5a8d262f111adfe88a195923.jpg'),
('59','1','itaque','1992-07-04 21:06:00','1975-08-14 22:23:18','/22449648680bac9f53efb40fe85ec65a.jpg'),
('60','1','velit','1988-09-29 11:12:47','2019-08-26 17:54:09','/3fa5d25652eb749b3c408779a60afd2b.jpg');

INSERT INTO `playlist_songs` VALUES 
('1','1','1'),
('2','2','2'),
('3','3','3'),
('4','4','4'),
('5','5','5'),
('6','6','6'),
('7','7','7'),
('8','8','8'),
('9','9','9'),
('10','10','10'),
('11','11','11'),
('12','12','12'),
('13','13','13'),
('14','14','14'),
('15','15','15'),
('16','16','16'),
('17','17','17'),
('18','18','18'),
('19','19','19'),
('20','20','20'),
('21','21','21'),
('22','22','22'),
('23','23','23'),
('24','24','24'),
('25','25','25'),
('26','26','26'),
('27','27','27'),
('28','28','28'),
('29','29','29'),
('30','30','30'),
('31','31','31'),
('32','32','32'),
('33','33','33'),
('34','34','34'),
('35','35','35'),
('36','36','36'),
('37','37','37'),
('38','38','38'),
('39','39','39'),
('40','40','40'),
('41','41','41'),
('42','42','42'),
('43','43','43'),
('44','44','44'),
('45','45','45'),
('46','46','46'),
('47','47','47'),
('48','48','48'),
('49','49','49'),
('50','50','50'),
('51','51','51'),
('52','52','52'),
('53','53','53'),
('54','54','54'),
('55','55','55'),
('56','56','56'),
('57','57','57'),
('58','58','58'),
('59','59','59'),
('60','60','60'),
('61','1','61'),
('62','2','62'),
('63','3','63'),
('64','4','64'),
('65','5','65'),
('66','6','66'),
('67','7','67'),
('68','8','68'),
('69','9','69'),
('70','10','70'),
('71','11','71'),
('72','12','72'),
('73','13','73'),
('74','14','74'),
('75','15','75'),
('76','16','76'),
('77','17','77'),
('78','18','78'),
('79','19','79'),
('80','20','80'),
('81','21','1'),
('82','22','2'),
('83','23','3'),
('84','24','4'),
('85','25','5'),
('86','26','6'),
('87','27','7'),
('88','28','8'),
('89','29','9'),
('90','30','10'),
('91','31','11'),
('92','32','12'),
('93','33','13'),
('94','34','14'),
('95','35','15'),
('96','36','16'),
('97','37','17'),
('98','38','18'),
('99','39','19'),
('100','40','20'),
('101','41','21'),
('102','42','22'),
('103','43','23'),
('104','44','24'),
('105','45','25'),
('106','46','26'),
('107','47','27'),
('108','48','28'),
('109','49','29'),
('110','50','30'),
('111','51','31'),
('112','52','32'),
('113','53','33'),
('114','54','34'),
('115','55','35'),
('116','56','36'),
('117','57','37'),
('118','58','38'),
('119','59','39'),
('120','60','40'),
('121','1','41'),
('122','2','42'),
('123','3','43'),
('124','4','44'),
('125','5','45'),
('126','6','46'),
('127','7','47'),
('128','8','48'),
('129','9','49'),
('130','10','50'),
('131','11','51'),
('132','12','52'),
('133','13','53'),
('134','14','54'),
('135','15','55'),
('136','16','56'),
('137','17','57'),
('138','18','58'),
('139','19','59'),
('140','20','60'),
('141','21','61'),
('142','22','62'),
('143','23','63'),
('144','24','64'),
('145','25','65'),
('146','26','66'),
('147','27','67'),
('148','28','68'),
('149','29','69'),
('150','30','70'),
('151','31','71'),
('152','32','72'),
('153','33','73'),
('154','34','74'),
('155','35','75'),
('156','36','76'),
('157','37','77'),
('158','38','78'),
('159','39','79'),
('160','40','80'),
('161','41','1'),
('162','42','2'),
('163','43','3'),
('164','44','4'),
('165','45','5'),
('166','46','6'),
('167','47','7'),
('168','48','8'),
('169','49','9'),
('170','50','10'),
('171','51','11'),
('172','52','12'),
('173','53','13'),
('174','54','14'),
('175','55','15'),
('176','56','16'),
('177','57','17'),
('178','58','18'),
('179','59','19'),
('180','60','20'),
('181','1','21'),
('182','2','22'),
('183','3','23'),
('184','4','24'),
('185','5','25'),
('186','6','26'),
('187','7','27'),
('188','8','28'),
('189','9','29'),
('190','10','30'),
('191','11','31'),
('192','12','32'),
('193','13','33'),
('194','14','34'),
('195','15','35'),
('196','16','36'),
('197','17','37'),
('198','18','38'),
('199','19','39'),
('200','20','40');

INSERT INTO `user_playlists` VALUES 
('1','1','1','0'),
('2','2','2','1'),
('3','3','3','1'),
('4','4','4','1'),
('5','5','5','1'),
('6','6','6','0'),
('7','7','7','1'),
('8','8','8','1'),
('9','9','9','1'),
('10','10','10','0'),
('11','11','11','1'),
('12','12','12','1'),
('13','13','13','0'),
('14','14','14','1'),
('15','15','15','1'),
('16','16','16','1'),
('17','17','17','1'),
('18','18','18','0'),
('19','19','19','1'),
('20','20','20','1'),
('21','21','21','1'),
('22','22','22','0'),
('23','23','23','1'),
('24','24','24','0'),
('25','25','25','1'),
('26','1','26','1'),
('27','2','27','0'),
('28','3','28','1'),
('29','4','29','0'),
('30','5','30','0');

INSERT INTO `interactions` VALUES 
('1','1','1','0','0','1997-05-02 20:54:54'),
('2','2','2','0','98747','2012-09-06 12:04:17'),
('3','3','3','1','90','2017-04-01 17:00:03'),
('4','4','4','1','49738556','1974-10-20 02:28:53'),
('5','5','5','1','335705921','1970-04-10 14:33:05'),
('6','6','6','1','91','1979-10-12 16:21:13'),
('7','7','7','0','351484518','1994-09-03 09:39:21'),
('8','8','8','1','0','1979-01-11 19:16:34'),
('9','9','9','0','261591298','2012-05-23 06:11:12'),
('10','10','10','1','3176803','2019-10-09 11:14:56'),
('11','11','11','0','88484','2017-05-02 07:04:45'),
('12','12','12','0','0','1995-01-30 11:04:13'),
('13','13','13','1','16413995','2019-08-10 03:09:20'),
('14','14','14','1','6','2007-01-11 01:55:00'),
('15','15','15','0','233248','1993-06-09 09:00:27'),
('16','16','16','1','50','2018-01-06 08:15:06'),
('17','17','17','0','0','1978-06-07 07:40:43'),
('18','18','18','0','44','1983-08-02 14:40:49'),
('19','19','19','1','711856548','1999-12-11 21:32:02'),
('20','20','20','0','4','1981-12-04 17:23:06'),
('21','21','21','1','8','2015-06-09 10:45:00'),
('22','22','22','1','6059738','2009-04-17 22:35:21'),
('23','23','23','1','9259','2012-01-07 08:02:06'),
('24','24','24','0','531163','2016-03-01 19:34:11'),
('25','25','25','0','1475','2007-05-19 21:48:48'),
('26','1','26','1','13490','1972-07-19 01:49:44'),
('27','2','27','0','4','2003-04-04 23:25:11'),
('28','3','28','1','5097466','1993-04-15 01:52:17'),
('29','4','29','1','9309529','1989-09-07 12:23:45'),
('30','5','30','1','0','1982-11-21 08:08:40'),
('31','6','31','0','1017','1978-11-21 11:24:46'),
('32','7','32','1','5788','1994-02-08 01:46:16'),
('33','8','33','1','789340158','2005-04-20 09:38:27'),
('34','9','34','0','699373343','2020-01-19 16:29:35'),
('35','10','35','1','140','1970-10-27 00:42:58'),
('36','11','36','0','0','1988-11-06 18:10:13'),
('37','12','37','0','84469','2005-11-08 22:41:53'),
('38','13','38','1','234493','1971-06-05 04:31:54'),
('39','14','39','1','756784','1999-05-01 20:52:13'),
('40','15','40','1','433476','2020-08-01 15:35:45'),
('41','16','41','0','817666701','1990-12-26 14:18:20'),
('42','17','42','1','6558','2017-12-02 07:39:58'),
('43','18','43','0','15','1984-06-15 00:48:59'),
('44','19','44','1','8748924','1971-12-19 02:12:07'),
('45','20','45','0','51767','1979-04-08 05:30:23'),
('46','21','46','0','932532156','2015-04-03 16:22:27'),
('47','22','47','1','2279873','2017-12-13 11:44:03'),
('48','23','48','1','297975705','1973-02-17 15:48:28'),
('49','24','49','1','561958','1994-09-14 09:21:44'),
('50','25','50','0','8555044','1991-04-14 10:50:07'),
('51','1','51','1','950322','2019-10-01 12:06:06'),
('52','2','52','1','596','2003-06-14 18:59:46'),
('53','3','53','0','92150','1997-05-22 11:32:43'),
('54','4','54','1','0','1993-11-07 23:10:00'),
('55','5','55','1','15957','1995-02-16 08:03:01'),
('56','6','56','0','69','1970-04-28 13:44:12'),
('57','7','57','0','5169','1989-03-20 18:16:46'),
('58','8','58','0','2454','1983-03-11 06:37:49'),
('59','9','59','1','76','1978-01-14 03:06:21'),
('60','10','60','1','20','2000-09-23 08:52:01'),
('61','11','61','1','6915773','1986-06-15 22:54:12'),
('62','12','62','1','54','1987-05-09 12:22:02'),
('63','13','63','0','827','2015-02-23 03:03:04'),
('64','14','64','1','1731','1976-11-18 19:27:02'),
('65','15','65','1','174414916','1997-02-20 14:35:12'),
('66','16','66','1','2997','1971-10-20 00:19:17'),
('67','17','67','0','959194585','2003-12-01 15:34:57'),
('68','18','68','0','601041','2000-02-22 19:36:23'),
('69','19','69','0','291263','2012-11-12 21:08:39'),
('70','20','70','1','817618987','1990-04-25 21:25:20'),
('71','21','71','0','0','1991-12-07 12:41:15'),
('72','22','72','1','501','2006-12-30 21:11:47'),
('73','23','73','1','0','2002-07-13 08:34:38'),
('74','24','74','0','330','1975-03-19 19:59:18'),
('75','25','75','0','2','2008-06-18 05:08:41'),
('76','1','76','1','259040638','2007-10-09 09:48:59'),
('77','2','77','0','1956','1970-08-27 20:13:38'),
('78','3','78','0','52','1983-06-14 16:23:25'),
('79','4','79','0','592158','2014-04-16 04:19:37'),
('80','5','80','1','2827123','1989-11-07 20:49:49'),
('81','6','1','0','544','2001-02-14 18:17:40'),
('82','7','2','0','640','1974-03-16 20:08:58'),
('83','8','3','1','987187901','2009-06-01 23:27:46'),
('84','9','4','1','0','2007-01-28 07:40:49'),
('85','10','5','0','362','2001-07-15 08:41:37'),
('86','11','6','0','0','2003-10-23 20:07:13'),
('87','12','7','1','79','1990-09-21 03:03:21'),
('88','13','8','1','5911471','2017-02-16 04:52:23'),
('89','14','9','1','366','1975-01-10 17:34:20'),
('90','15','10','1','89053920','2001-04-02 22:11:04'),
('91','16','11','0','46104759','1971-01-25 04:24:47'),
('92','17','12','1','0','1995-11-02 17:17:22'),
('93','18','13','1','5','1982-02-09 02:47:19'),
('94','19','14','0','806','1999-04-02 21:20:33'),
('95','20','15','1','7819','1999-12-08 04:04:59'),
('96','21','16','1','9','2005-10-06 22:16:39'),
('97','22','17','1','4','2002-08-27 06:29:42'),
('98','23','18','0','950364160','1979-04-14 16:33:44'),
('99','24','19','1','0','1998-04-25 00:46:02'),
('100','25','20','1','2482240','2015-01-18 21:56:18'),
('101','1','21','0','80857','1974-11-16 16:44:46'),
('102','2','22','1','350980563','2012-08-09 07:08:46'),
('103','3','23','0','3374','2014-02-15 15:16:55'),
('104','4','24','0','13367075','2014-01-23 12:10:53'),
('105','5','25','1','0','1987-12-10 09:12:37'),
('106','6','26','1','5420417','1994-06-22 15:59:38'),
('107','7','27','0','3','1974-06-21 17:28:31'),
('108','8','28','0','14','2017-03-14 08:53:43'),
('109','9','29','0','171975218','1988-01-09 05:54:47'),
('110','10','30','1','5265','1986-07-18 01:05:51'),
('111','11','31','1','89054','1976-11-08 20:58:53'),
('112','12','32','0','605599','2013-02-19 10:14:10'),
('113','13','33','1','90','1993-02-28 08:53:21'),
('114','14','34','0','469047','1981-09-22 12:37:04'),
('115','15','35','0','2726304','1975-09-04 05:40:34'),
('116','16','36','1','8924','1977-03-15 15:42:18'),
('117','17','37','1','0','2011-09-12 14:33:00'),
('118','18','38','1','87','2008-11-07 02:42:41'),
('119','19','39','1','39924','1982-06-26 09:30:09'),
('120','20','40','1','7','1976-11-17 20:54:21'),
('121','21','41','1','614012461','1991-07-13 01:57:53'),
('122','22','42','0','2067','1999-07-14 14:03:50'),
('123','23','43','1','467319607','2003-07-30 13:33:36'),
('124','24','44','1','560','1984-12-29 14:18:22'),
('125','25','45','1','93','2014-01-23 14:07:44'),
('126','1','46','0','58','1989-08-06 01:32:55'),
('127','2','47','0','9595','1979-04-10 01:09:43'),
('128','3','48','0','306528590','1974-01-17 11:24:01'),
('129','4','49','0','95','1999-08-18 19:49:01'),
('130','5','50','1','48650500','2001-03-07 18:08:06'),
('131','6','51','0','4892086','1998-03-28 02:29:02'),
('132','7','52','0','0','1998-05-24 14:57:29'),
('133','8','53','1','339','2012-10-14 11:11:01'),
('134','9','54','1','9682543','1984-05-22 05:45:37'),
('135','10','55','1','561933543','1990-03-22 07:51:54'),
('136','11','56','1','62','1985-02-18 22:42:26'),
('137','12','57','1','641670','2009-02-18 19:10:48'),
('138','13','58','1','4099446','2020-08-14 21:41:52'),
('139','14','59','0','277189','1997-02-16 08:39:12'),
('140','15','60','0','42494888','1991-08-30 07:59:35'),
('141','16','61','1','4602','2020-07-16 22:02:37'),
('142','17','62','0','6','1991-11-26 03:55:46'),
('143','18','63','0','69142','1998-05-06 09:04:58'),
('144','19','64','1','3','2011-06-03 13:40:25'),
('145','20','65','0','87618755','2006-08-01 07:29:11'),
('146','21','66','1','88392','1976-07-26 18:58:26'),
('147','22','67','0','22','2009-08-13 00:56:12'),
('148','23','68','1','704888900','1985-05-10 20:47:12'),
('149','24','69','1','54','2004-08-23 05:37:06'),
('150','25','70','1','703199874','1976-08-20 12:46:32'),
('151','1','71','0','451271','1995-07-23 14:54:53'),
('152','2','72','0','886626','2017-05-27 15:07:34'),
('153','3','73','0','0','1984-02-21 20:39:59'),
('154','4','74','1','9','1983-11-25 01:13:35'),
('155','5','75','0','68','1997-01-27 07:12:21'),
('156','6','76','1','21203','1989-11-03 11:07:47'),
('157','7','77','0','89223349','1991-09-14 13:50:33'),
('158','8','78','1','810','2002-04-21 11:34:31'),
('159','9','79','0','519635637','2003-04-13 02:59:19'),
('160','10','80','0','712','2002-11-25 19:49:31'),
('161','11','1','0','4823','1991-03-07 09:00:40'),
('162','12','2','1','538','2014-02-05 10:52:25'),
('163','13','3','1','343562','1991-03-14 03:04:25'),
('164','14','4','0','569','2017-05-05 03:28:21'),
('165','15','5','1','8846143','1985-11-11 20:43:24'),
('166','16','6','0','629','2019-12-06 20:58:36'),
('167','17','7','1','921612746','2003-01-30 14:30:55'),
('168','18','8','1','343','2017-01-01 00:14:05'),
('169','19','9','1','140559934','2002-10-22 22:49:27'),
('170','20','10','1','96955','1979-10-18 09:14:20'),
('171','21','11','1','206033','2012-02-15 10:41:29'),
('172','22','12','1','569652','1998-10-27 02:23:11'),
('173','23','13','0','5','1993-03-11 12:55:08'),
('174','24','14','1','13','1983-12-18 22:54:30'),
('175','25','15','1','4127','1979-08-27 19:40:28'),
('176','1','16','0','1482113','1970-10-29 13:38:31'),
('177','2','17','0','72945752','2010-08-09 10:04:10'),
('178','3','18','1','17991','1972-07-04 02:06:41'),
('179','4','19','1','842','1979-07-13 08:12:32'),
('180','5','20','1','904','2003-11-08 03:26:47'),
('181','6','21','0','0','1980-11-13 16:23:50'),
('182','7','22','1','68946','1995-04-29 15:00:14'),
('183','8','23','1','0','2006-07-14 23:02:53'),
('184','9','24','0','268662','2008-08-31 17:42:24'),
('185','10','25','1','9343','1977-11-06 03:29:48'),
('186','11','26','1','7091197','1973-06-24 15:21:04'),
('187','12','27','1','411758','2005-02-06 18:45:43'),
('188','13','28','0','3292','2005-03-05 13:52:12'),
('189','14','29','1','575388','1971-06-29 08:18:07'),
('190','15','30','0','57843760','2006-11-15 10:16:05'),
('191','16','31','0','7382','1981-09-12 16:17:30'),
('192','17','32','1','0','1999-03-24 21:40:37'),
('193','18','33','0','2','1993-07-14 16:45:49'),
('194','19','34','1','34067','2010-03-02 15:29:45'),
('195','20','35','1','0','2001-02-28 17:04:06'),
('196','21','36','1','789480','2004-04-08 14:56:48'),
('197','22','37','0','715902','2011-11-12 18:06:05'),
('198','23','38','1','933942553','1983-09-10 22:59:39'),
('199','24','39','0','967','2008-10-23 19:29:08'),
('200','25','40','0','49430','2009-01-28 23:30:38'); 


